NAME	TERM	ES	NES	NOM_P_VAL	FDR_Q_VAL	FWER_P_VAL	TAG_%	GENE_%	LEAD_GENES	LEAD_GENES_IDS
prerank	MYC Targets V2	0.5815500304019027	1.3324948332477322	0.053353658536585365	0.745800924360275	0.552	35/58	22.70%	MAP3K6;WDR43;UTP20;HK2;PLK1;PPAN;NOLC1;GNL3;NOP56;MYC;SLC19A1;EXOSC5;HSPD1;CBX3;PRMT3;NOP16;WDR74;NIP7;PA2G4;MPHOSPH10;PES1;TCOF1;IPO4;NOC4L;PPRC1;TBRG4;MRTO4;RRP12;NPM1;SUPV3L1;DUSP2;PHB1;DDX18;TMEM97;UNG	ENSG00000142733;ENSG00000163811;ENSG00000120800;ENSG00000159399;ENSG00000166851;ENSG00000130810;ENSG00000166197;ENSG00000163938;ENSG00000101361;ENSG00000136997;ENSG00000173638;ENSG00000077348;ENSG00000144381;ENSG00000122565;ENSG00000185238;ENSG00000048162;ENSG00000133316;ENSG00000132603;ENSG00000170515;ENSG00000124383;ENSG00000100029;ENSG00000070814;ENSG00000196497;ENSG00000184967;ENSG00000148840;ENSG00000136270;ENSG00000053372;ENSG00000052749;ENSG00000181163;ENSG00000156502;ENSG00000158050;ENSG00000167085;ENSG00000088205;ENSG00000109084;ENSG00000076248
prerank	Oxidative Phosphorylation	-0.45110638959342125	-1.3086734986324347	0.0038022813688212928	0.5468448608432076	0.348	121/200	22.82%	ECI1;IDH2;FDX1;UQCR10;BDH2;SUCLA2;DECR1;ATP6V1F;COX15;NDUFB5;NQO2;SLC25A4;ECHS1;ATP6V1D;ATP6V0C;MPC1;ATP6V1H;ACO2;SLC25A20;ATP6AP1;GPX4;ACADSB;SURF1;BAX;ACADVL;NDUFC1;TCIRG1;ATP5PD;IDH3G;PDP1;ATP6V1E1;COX6C;MRPS22;NDUFA3;POLR2F;ETFB;RHOT2;UQCR11;HCCS;IDH3A;IMMT;CYB5R3;COX8A;NDUFV1;COX11;NDUFB3;NNT;ATP5ME;ATP5F1E;ABCB7;COX5B;MRPL11;TIMM8B;COX6A1;ATP5MG;ACAT1;UQCRC1;ATP5MC2;UQCRB;HADHA;SLC25A5;NDUFS7;BCKDHA;COX17;ATP6V0E1;OAT;MFN2;COX7C;SDHC;NDUFS8;DLST;ATP5MC1;MDH2;GPI;MRPL34;CASP7;NDUFS3;MRPS15;UQCRH;PDHX;MRPL15;ISCU;ALDH6A1;UQCRQ;COX7B;TOMM22;NDUFB2;SLC25A11;VDAC3;ISCA1;NDUFA7;MDH1;ATP5MC3;ATP5PF;COX5A;ECH1;COX6B1;MRPS12;ATP5F1C;SDHA;SUCLG1;FH;TIMM50;ATP5F1A;COX7A2;NDUFA9;NDUFA4;COX4I1;ATP5MF;ATP5F1B;ACAA2;PDHA1;SLC25A3;UQCRC2;AIFM1;HADHB;VDAC1;COX7A2L;OGDH;ETFA;HSD17B10	ENSG00000167969;ENSG00000182054;ENSG00000137714;ENSG00000184076;ENSG00000164039;ENSG00000136143;ENSG00000104325;ENSG00000128524;ENSG00000014919;ENSG00000136521;ENSG00000124588;ENSG00000151729;ENSG00000127884;ENSG00000100554;ENSG00000185883;ENSG00000060762;ENSG00000047249;ENSG00000100412;ENSG00000178537;ENSG00000071553;ENSG00000167468;ENSG00000196177;ENSG00000148290;ENSG00000087088;ENSG00000072778;ENSG00000109390;ENSG00000110719;ENSG00000167863;ENSG00000067829;ENSG00000164951;ENSG00000131100;ENSG00000164919;ENSG00000175110;ENSG00000170906;ENSG00000100142;ENSG00000105379;ENSG00000140983;ENSG00000127540;ENSG00000004961;ENSG00000166411;ENSG00000132305;ENSG00000100243;ENSG00000176340;ENSG00000167792;ENSG00000166260;ENSG00000119013;ENSG00000112992;ENSG00000169020;ENSG00000124172;ENSG00000131269;ENSG00000135940;ENSG00000174547;ENSG00000150779;ENSG00000111775;ENSG00000167283;ENSG00000075239;ENSG00000010256;ENSG00000135390;ENSG00000156467;ENSG00000084754;ENSG00000005022;ENSG00000115286;ENSG00000248098;ENSG00000138495;ENSG00000113732;ENSG00000065154;ENSG00000116688;ENSG00000127184;ENSG00000143252;ENSG00000110717;ENSG00000119689;ENSG00000159199;ENSG00000146701;ENSG00000105220;ENSG00000130312;ENSG00000165806;ENSG00000213619;ENSG00000116898;ENSG00000173660;ENSG00000110435;ENSG00000137547;ENSG00000136003;ENSG00000119711;ENSG00000164405;ENSG00000131174;ENSG00000100216;ENSG00000090266;ENSG00000108528;ENSG00000078668;ENSG00000135070;ENSG00000267855;ENSG00000014641;ENSG00000154518;ENSG00000154723;ENSG00000178741;ENSG00000104823;ENSG00000126267;ENSG00000128626;ENSG00000165629;ENSG00000073578;ENSG00000163541;ENSG00000091483;ENSG00000105197;ENSG00000152234;ENSG00000112695;ENSG00000139180;ENSG00000189043;ENSG00000131143;ENSG00000241468;ENSG00000110955;ENSG00000167315;ENSG00000131828;ENSG00000075415;ENSG00000140740;ENSG00000156709;ENSG00000138029;ENSG00000213585;ENSG00000115944;ENSG00000105953;ENSG00000140374;ENSG00000072506
prerank	Interferon Alpha Response	-0.47069588929285877	-1.256841818761149	0.052478134110787174	0.43338385230090937	0.488	45/97	17.88%	IFIT2;IFI44;BATF2;LAMP3;OAS1;CCRL2;CMTR1;TXNIP;GMPR;LPAR6;IFI44L;ISG15;RIPK2;MX1;IFIT3;CNP;STAT2;PROCR;CD74;LY6E;IL15;SAMD9;IFI30;MOV10;IFI35;TENT5A;SAMD9L;RSAD2;OASL;IFITM2;CSF1;CASP1;IRF2;NUB1;BST2;CMPK2;IFITM3;PARP12;B2M;IFITM1;HLA-C;RTP4;IRF1;ADAR;PSMB9	ENSG00000119922;ENSG00000137965;ENSG00000168062;ENSG00000078081;ENSG00000089127;ENSG00000121797;ENSG00000137200;ENSG00000265972;ENSG00000137198;ENSG00000139679;ENSG00000137959;ENSG00000187608;ENSG00000104312;ENSG00000157601;ENSG00000119917;ENSG00000173786;ENSG00000170581;ENSG00000101000;ENSG00000019582;ENSG00000160932;ENSG00000164136;ENSG00000205413;ENSG00000216490;ENSG00000155363;ENSG00000068079;ENSG00000112773;ENSG00000177409;ENSG00000134321;ENSG00000135114;ENSG00000185201;ENSG00000184371;ENSG00000137752;ENSG00000168310;ENSG00000013374;ENSG00000130303;ENSG00000134326;ENSG00000142089;ENSG00000059378;ENSG00000166710;ENSG00000185885;ENSG00000204525;ENSG00000136514;ENSG00000125347;ENSG00000160710;ENSG00000240065
prerank	DNA Repair	-0.42796667400897065	-1.1963430686624132	0.07380073800738007	0.4968310829429595	0.684	77/150	21.43%	NPR2;GSDME;USP11;POLE4;GTF2H5;RAD51;AGO4;FEN1;NELFE;POLH;EIF1B;PCNA;GPX4;DDB2;TYMS;SAC3D1;ADA;SURF1;NELFCD;POLR3GL;POLA1;CETN2;RPA2;TAF12;PDE6G;MPC2;EDF1;RPA3;DAD1;ZWINT;POLR2E;STX3;GTF2B;GTF2A2;POLR2F;PDE4B;POLR2J;RRM2B;ADRM1;NELFB;TP53;CMPK2;ARL6IP1;NME4;SDCBP;TAF6;SEC61A1;ERCC2;BCAP31;APRT;SUPT5H;TSG101;POLR2G;COX17;RFC5;POLR2A;POLD3;SNAPC5;POLD1;RBX1;GTF2H3;XPC;POLD4;CSTF3;RFC2;LIG1;MPG;GUK1;SUPT4H1;UMPS;RFC4;DDB1;GTF3C5;VPS28;HCLS1;POLB;MRPL40	ENSG00000159899;ENSG00000105928;ENSG00000102226;ENSG00000115350;ENSG00000272047;ENSG00000051180;ENSG00000134698;ENSG00000168496;ENSG00000204356;ENSG00000170734;ENSG00000114784;ENSG00000132646;ENSG00000167468;ENSG00000134574;ENSG00000176890;ENSG00000168061;ENSG00000196839;ENSG00000148290;ENSG00000101158;ENSG00000121851;ENSG00000101868;ENSG00000147400;ENSG00000117748;ENSG00000120656;ENSG00000185527;ENSG00000143158;ENSG00000107223;ENSG00000106399;ENSG00000129562;ENSG00000122952;ENSG00000099817;ENSG00000166900;ENSG00000137947;ENSG00000140307;ENSG00000100142;ENSG00000184588;ENSG00000005075;ENSG00000048392;ENSG00000130706;ENSG00000188986;ENSG00000141510;ENSG00000134326;ENSG00000170540;ENSG00000103202;ENSG00000137575;ENSG00000106290;ENSG00000058262;ENSG00000104884;ENSG00000185825;ENSG00000198931;ENSG00000196235;ENSG00000074319;ENSG00000168002;ENSG00000138495;ENSG00000111445;ENSG00000181222;ENSG00000077514;ENSG00000174446;ENSG00000062822;ENSG00000100387;ENSG00000111358;ENSG00000154767;ENSG00000175482;ENSG00000176102;ENSG00000049541;ENSG00000105486;ENSG00000103152;ENSG00000143774;ENSG00000213246;ENSG00000114491;ENSG00000163918;ENSG00000167986;ENSG00000148308;ENSG00000160948;ENSG00000180353;ENSG00000070501;ENSG00000185608
prerank	MYC Targets V1	0.44451044091614406	1.171121945905236	0.10263157894736842	1.0	0.986	116/200	25.40%	DDX21;SSB;IFRD1;RSL1D1;XPOT;PRDX4;NOLC1;GNL3;HDGF;NOP56;MYC;HDAC2;SET;PHB2;SMARCC1;C1QBP;HNRNPD;SERBP1;SYNCRIP;SSBP1;PWP1;HSPD1;NCBP2;CBX3;TARDBP;CCT2;PSMA2;NOP16;UBA2;HNRNPA2B1;KPNB1;XPO1;PA2G4;HNRNPA3;TOMM70;EPRS1;SRPK1;SRSF1;PSMC6;EIF4H;ORC2;PABPC1;EEF1B2;SRSF7;PRDX3;LDHA;PRPS2;EIF3J;EIF2S2;RUVBL2;DUT;G3BP1;FAM120A;PSMD7;SRSF3;USP1;TRA2B;CLNS1A;NDUFAB1;MRPL9;GSPT1;RPL22;PABPC4;IMPDH2;NPM1;IARS1;EIF3B;ABCE1;EIF1AX;NAP1L1;APEX1;RAD23B;H2AZ1;EIF4A1;RPS6;PHB1;DHX15;SF3A1;DDX18;RPL6;SNRPD1;HNRNPA1;MAD2L1;CDC20;RPL34;NME1;LSM7;HNRNPR;CCT5;MCM6;TUFM;PSMA1;PGK1;SNRPB2;ODC1;HNRNPC;SRSF2;U2AF1;KARS1;HNRNPU;COPS5;HSP90AB1;ETF1;RACK1;PSMA6;RPS5;EIF4E;DEK;MRPS18B;SNRPA1;TCP1;CNBP;PSMA4;PSMA7;PCBP1;CYC1	ENSG00000165732;ENSG00000138385;ENSG00000006652;ENSG00000171490;ENSG00000184575;ENSG00000123131;ENSG00000166197;ENSG00000163938;ENSG00000143321;ENSG00000101361;ENSG00000136997;ENSG00000196591;ENSG00000119335;ENSG00000215021;ENSG00000173473;ENSG00000108561;ENSG00000138668;ENSG00000142864;ENSG00000135316;ENSG00000106028;ENSG00000136045;ENSG00000144381;ENSG00000114503;ENSG00000122565;ENSG00000120948;ENSG00000166226;ENSG00000106588;ENSG00000048162;ENSG00000126261;ENSG00000122566;ENSG00000108424;ENSG00000082898;ENSG00000170515;ENSG00000170144;ENSG00000154174;ENSG00000136628;ENSG00000096063;ENSG00000136450;ENSG00000100519;ENSG00000106682;ENSG00000115942;ENSG00000070756;ENSG00000114942;ENSG00000115875;ENSG00000165672;ENSG00000134333;ENSG00000101911;ENSG00000104131;ENSG00000125977;ENSG00000183207;ENSG00000128951;ENSG00000145907;ENSG00000048828;ENSG00000103035;ENSG00000112081;ENSG00000162607;ENSG00000136527;ENSG00000074201;ENSG00000004779;ENSG00000143436;ENSG00000103342;ENSG00000116251;ENSG00000090621;ENSG00000178035;ENSG00000181163;ENSG00000196305;ENSG00000106263;ENSG00000164163;ENSG00000173674;ENSG00000187109;ENSG00000100823;ENSG00000119318;ENSG00000164032;ENSG00000161960;ENSG00000137154;ENSG00000167085;ENSG00000109606;ENSG00000099995;ENSG00000088205;ENSG00000089009;ENSG00000167088;ENSG00000135486;ENSG00000164109;ENSG00000117399;ENSG00000109475;ENSG00000239672;ENSG00000130332;ENSG00000125944;ENSG00000150753;ENSG00000076003;ENSG00000178952;ENSG00000129084;ENSG00000102144;ENSG00000125870;ENSG00000115758;ENSG00000092199;ENSG00000161547;ENSG00000160201;ENSG00000065427;ENSG00000153187;ENSG00000121022;ENSG00000096384;ENSG00000120705;ENSG00000204628;ENSG00000100902;ENSG00000083845;ENSG00000151247;ENSG00000124795;ENSG00000204568;ENSG00000131876;ENSG00000120438;ENSG00000169714;ENSG00000041357;ENSG00000101182;ENSG00000169564;ENSG00000179091
prerank	Mitotic Spindle	0.43524894732196795	1.1515426311466155	0.13026315789473683	1.0	0.995	87/199	21.25%	PALLD;DOCK4;WASF1;DST;RAPGEF5;ARHGAP29;CTTN;BCAR1;RASAL2;CLIP1;MID1;SYNPO;CENPF;CLIP2;CEP192;FGD6;SORBS2;ARHGEF11;RICTOR;KIF1B;TRIO;CEP72;CENPE;PCM1;TSC1;MARK4;CD2AP;CDK5RAP2;SMC3;CDC42EP1;RAPGEF6;PLK1;ALMS1;KIF20B;MID1IP1;KIF15;AKAP13;ARAP3;CLASP1;DLGAP5;HOOK3;LMNB1;SASS6;ARHGAP5;HDAC6;SMC4;RALBP1;APC;RASA2;ROCK1;ARHGEF7;KIF11;TUBGCP2;KIF5B;CDC42EP2;ESPL1;KPTN;CENPJ;SMC1A;TUBGCP6;CNTRL;SPTBN1;CDC42BPA;LRPPRC;CDC27;LATS1;PREX1;TOP2A;PIF1;FLNB;RASA1;EPB41;ARHGEF12;VCL;DOCK2;CEP57;KIFAP3;NCK1;KNTC1;ABI1;PLEKHG2;RAB3GAP1;NCK2;RANBP9;DYNC1H1;TIAM1;DLG1	ENSG00000129116;ENSG00000128512;ENSG00000112290;ENSG00000151914;ENSG00000136237;ENSG00000137962;ENSG00000085733;ENSG00000050820;ENSG00000075391;ENSG00000130779;ENSG00000101871;ENSG00000171992;ENSG00000117724;ENSG00000106665;ENSG00000101639;ENSG00000180263;ENSG00000154556;ENSG00000132694;ENSG00000164327;ENSG00000054523;ENSG00000038382;ENSG00000112877;ENSG00000138778;ENSG00000078674;ENSG00000165699;ENSG00000007047;ENSG00000198087;ENSG00000136861;ENSG00000108055;ENSG00000128283;ENSG00000158987;ENSG00000166851;ENSG00000116127;ENSG00000138182;ENSG00000165175;ENSG00000163808;ENSG00000170776;ENSG00000120318;ENSG00000074054;ENSG00000126787;ENSG00000168172;ENSG00000113368;ENSG00000156876;ENSG00000100852;ENSG00000094631;ENSG00000113810;ENSG00000017797;ENSG00000134982;ENSG00000155903;ENSG00000067900;ENSG00000102606;ENSG00000138160;ENSG00000130640;ENSG00000170759;ENSG00000149798;ENSG00000135476;ENSG00000118162;ENSG00000151849;ENSG00000072501;ENSG00000128159;ENSG00000119397;ENSG00000115306;ENSG00000143776;ENSG00000138095;ENSG00000004897;ENSG00000131023;ENSG00000124126;ENSG00000131747;ENSG00000140451;ENSG00000136068;ENSG00000145715;ENSG00000159023;ENSG00000196914;ENSG00000035403;ENSG00000134516;ENSG00000166037;ENSG00000075945;ENSG00000158092;ENSG00000184445;ENSG00000136754;ENSG00000090924;ENSG00000115839;ENSG00000071051;ENSG00000010017;ENSG00000197102;ENSG00000156299;ENSG00000075711
prerank	UV Response DN	0.44355429918909456	1.1380840784224913	0.17103448275862068	1.0	0.997	51/144	16.18%	SCN8A;LAMC1;AMPH;PPARG;VLDLR;ITGB3;PLCB4;ID1;RGS4;TJP1;GRK5;CCN1;F3;COL3A1;MGLL;COL5A2;PTPRM;KCNMA1;INSIG1;NFIB;LTBP1;DMAC2L;CACNA1A;LDLR;RXRA;ATRN;MAP1B;PLPP3;GJA1;BMPR1A;PRKAR2B;YTHDC1;ATP2B4;ACVR2A;RND3;CAV1;TENT4A;ATRX;SPOP;INPP4B;PDGFRB;MT1E;MYC;IGF1R;CELF2;NIPBL;PHF3;CDK13;RASA2;ADORA2B;SLC22A18	ENSG00000196876;ENSG00000135862;ENSG00000078053;ENSG00000132170;ENSG00000147852;ENSG00000259207;ENSG00000101333;ENSG00000125968;ENSG00000117152;ENSG00000104067;ENSG00000198873;ENSG00000142871;ENSG00000117525;ENSG00000168542;ENSG00000074416;ENSG00000204262;ENSG00000173482;ENSG00000156113;ENSG00000186480;ENSG00000147862;ENSG00000049323;ENSG00000125375;ENSG00000141837;ENSG00000130164;ENSG00000186350;ENSG00000088812;ENSG00000131711;ENSG00000162407;ENSG00000152661;ENSG00000107779;ENSG00000005249;ENSG00000083896;ENSG00000058668;ENSG00000121989;ENSG00000115963;ENSG00000105974;ENSG00000112941;ENSG00000085224;ENSG00000121067;ENSG00000109452;ENSG00000113721;ENSG00000169715;ENSG00000136997;ENSG00000140443;ENSG00000048740;ENSG00000164190;ENSG00000118482;ENSG00000065883;ENSG00000155903;ENSG00000170425;ENSG00000110628
prerank	IL6 JAK STAT3 Signaling	0.457088618167854	1.1049623711122953	0.2545180722891566	1.0	0.999	24/87	14.28%	CXCL13;CXCL1;CXCL11;LTBR;CXCL10;ITGB3;CD14;CXCL9;INHBE;CCR1;IL6ST;JUN;SOCS3;IL6;IL1R2;CD36;ACVR1B;IL17RB;IL15RA;STAT3;CBL;EBI3;IL18R1;IL13RA1	ENSG00000156234;ENSG00000163739;ENSG00000169248;ENSG00000111321;ENSG00000169245;ENSG00000259207;ENSG00000170458;ENSG00000138755;ENSG00000139269;ENSG00000163823;ENSG00000134352;ENSG00000177606;ENSG00000184557;ENSG00000136244;ENSG00000115590;ENSG00000135218;ENSG00000135503;ENSG00000056736;ENSG00000134470;ENSG00000168610;ENSG00000110395;ENSG00000105246;ENSG00000115604;ENSG00000131724
prerank	Estrogen Response Early	0.4130845265864219	1.0954470115250263	0.23962516733601072	1.0	1.0	89/200	20.18%	SYBU;NAV2;STC2;KAZN;PODXL;GREB1;PAPSS2;KRT19;OLFML3;SLC27A2;MLPH;RPS6KA2;ELF3;CCND1;WWC1;RET;IGFBP4;TFF3;HES1;SFN;MAPT;MYOF;GAB2;PTGES;FOS;TFF1;GFRA1;SLC1A1;CYP26B1;SH3BP5;CLDN7;IL6ST;ADCY1;KLK10;DHCR7;OLFM1;INHBB;UGCG;DHRS2;PEX11A;GJA1;REEP1;ALDH3B1;AKAP1;SLC16A1;SLC7A5;TTC39A;IL17RB;CLIC3;TPD52L1;RHOD;FASN;SLC39A6;PRSS23;MAST4;KRT8;ABHD2;FCMR;MYC;IGF1R;FOXC1;OPN3;BCL11B;PPIF;CANT1;SLC2A1;KRT18;RASGRP1;SEMA3B;MED13L;NCOR2;ELF1;ADCY9;ABAT;TMEM164;TMPRSS3;ADD3;FLNB;MYB;NRIP1;SLC26A2;RHOBTB3;ITPK1;RRP12;SCARB1;KCNK5;NXT1;FKBP5;SIAH2	ENSG00000147642;ENSG00000166833;ENSG00000113739;ENSG00000189337;ENSG00000128567;ENSG00000196208;ENSG00000198682;ENSG00000171345;ENSG00000116774;ENSG00000140284;ENSG00000115648;ENSG00000071242;ENSG00000163435;ENSG00000110092;ENSG00000113645;ENSG00000165731;ENSG00000141753;ENSG00000160180;ENSG00000114315;ENSG00000175793;ENSG00000186868;ENSG00000138119;ENSG00000033327;ENSG00000148344;ENSG00000170345;ENSG00000160182;ENSG00000151892;ENSG00000106688;ENSG00000003137;ENSG00000131370;ENSG00000181885;ENSG00000134352;ENSG00000164742;ENSG00000129451;ENSG00000172893;ENSG00000130558;ENSG00000163083;ENSG00000148154;ENSG00000100867;ENSG00000166821;ENSG00000152661;ENSG00000068615;ENSG00000006534;ENSG00000121057;ENSG00000155380;ENSG00000103257;ENSG00000085831;ENSG00000056736;ENSG00000169583;ENSG00000111907;ENSG00000173156;ENSG00000169710;ENSG00000141424;ENSG00000150687;ENSG00000069020;ENSG00000170421;ENSG00000140526;ENSG00000162894;ENSG00000136997;ENSG00000140443;ENSG00000054598;ENSG00000054277;ENSG00000127152;ENSG00000108179;ENSG00000171302;ENSG00000117394;ENSG00000111057;ENSG00000172575;ENSG00000012171;ENSG00000123066;ENSG00000196498;ENSG00000120690;ENSG00000162104;ENSG00000183044;ENSG00000157600;ENSG00000160183;ENSG00000148700;ENSG00000136068;ENSG00000118513;ENSG00000180530;ENSG00000155850;ENSG00000164292;ENSG00000100605;ENSG00000052749;ENSG00000073060;ENSG00000164626;ENSG00000132661;ENSG00000096060;ENSG00000181788
prerank	P53 Pathway	-0.3744446695816347	-1.0855334765600655	0.15748031496062992	0.961628547809314	0.938	93/200	19.07%	KLF4;PHLDA3;CDKN1A;CDKN2A;SERPINB5;RRAD;PDGFA;SESN1;TNFSF9;ANKRA2;HMOX1;CDH13;NHLH2;NUPR1;PMM1;PIDD1;FUCA1;TXNIP;PLXNB2;SERTAD3;TRIAP1;DGKA;HRAS;TAX1BP3;RGS16;MDM2;PLK3;FGF13;RPS27L;BAK1;IER3;SPHK1;PRKAB1;CDK5R1;CD82;RHBDF2;NINJ1;POLH;VAMP8;PCNA;DDB2;TRAF4;ADA;PROCR;BAX;DCXR;TSC22D1;ZMAT3;TM7SF3;CSRNP2;TSPYL2;IFI30;FDXR;ABHD4;S100A10;HSPA4L;RB1;GPX2;GADD45A;TGFB1;FAS;CCND3;HDAC3;CASP1;AEN;SOCS1;FOXO3;TP53;CYFIP2;ZFP36L1;DDIT3;DEF6;F2R;PPM1D;IER5;UPP1;H2AJ;SEC61A1;TM4SF1;ATF3;EI24;APP;PLK2;WRAP73;CTSD;XPC;PITPNC1;CTSF;RAD9A;ISCU;RNF19B;RPL36;BTG2	ENSG00000136826;ENSG00000174307;ENSG00000124762;ENSG00000147889;ENSG00000206075;ENSG00000166592;ENSG00000197461;ENSG00000080546;ENSG00000125657;ENSG00000164331;ENSG00000100292;ENSG00000140945;ENSG00000177551;ENSG00000176046;ENSG00000100417;ENSG00000177595;ENSG00000179163;ENSG00000265972;ENSG00000196576;ENSG00000167565;ENSG00000170855;ENSG00000065357;ENSG00000174775;ENSG00000213977;ENSG00000143333;ENSG00000135679;ENSG00000173846;ENSG00000129682;ENSG00000185088;ENSG00000030110;ENSG00000137331;ENSG00000176170;ENSG00000111725;ENSG00000176749;ENSG00000085117;ENSG00000129667;ENSG00000131669;ENSG00000170734;ENSG00000118640;ENSG00000132646;ENSG00000134574;ENSG00000076604;ENSG00000196839;ENSG00000101000;ENSG00000087088;ENSG00000169738;ENSG00000102804;ENSG00000172667;ENSG00000064115;ENSG00000110925;ENSG00000184205;ENSG00000216490;ENSG00000161513;ENSG00000100439;ENSG00000197747;ENSG00000164070;ENSG00000139687;ENSG00000176153;ENSG00000116717;ENSG00000105329;ENSG00000026103;ENSG00000112576;ENSG00000171720;ENSG00000137752;ENSG00000181026;ENSG00000185338;ENSG00000118689;ENSG00000141510;ENSG00000055163;ENSG00000185650;ENSG00000175197;ENSG00000023892;ENSG00000181104;ENSG00000170836;ENSG00000162783;ENSG00000183696;ENSG00000246705;ENSG00000058262;ENSG00000169908;ENSG00000162772;ENSG00000149547;ENSG00000142192;ENSG00000145632;ENSG00000116213;ENSG00000117984;ENSG00000154767;ENSG00000154217;ENSG00000174080;ENSG00000172613;ENSG00000136003;ENSG00000116514;ENSG00000130255;ENSG00000159388
prerank	Androgen Response	0.4332551153504129	1.0663026430659448	0.33182503770739064	1.0	1.0	41/101	20.20%	SELENOP;ALDH1A3;KRT19;ZBTB10;CCND1;HSD17B14;PGM3;MAP7;LIFR;KLK3;MAK;ABCC4;INSIG1;H1-0;ELL2;CDC14B;IQGAP2;HMGCS1;ITGAV;ELK4;KRT8;INPP4B;ABHD2;SRF;SGK1;HPGD;CDK6;STEAP4;GSR;SAT1;PA2G4;STK39;SRP19;SLC26A2;RRP12;VAPA;ACSL3;NDRG1;LMAN1;FKBP5;SCD	ENSG00000250722;ENSG00000184254;ENSG00000171345;ENSG00000205189;ENSG00000110092;ENSG00000087076;ENSG00000013375;ENSG00000135525;ENSG00000113594;ENSG00000142515;ENSG00000111837;ENSG00000125257;ENSG00000186480;ENSG00000189060;ENSG00000118985;ENSG00000081377;ENSG00000145703;ENSG00000112972;ENSG00000138448;ENSG00000158711;ENSG00000170421;ENSG00000109452;ENSG00000140526;ENSG00000112658;ENSG00000118515;ENSG00000164120;ENSG00000105810;ENSG00000127954;ENSG00000104687;ENSG00000130066;ENSG00000170515;ENSG00000198648;ENSG00000153037;ENSG00000155850;ENSG00000052749;ENSG00000101558;ENSG00000123983;ENSG00000104419;ENSG00000074695;ENSG00000096060;ENSG00000099194
prerank	PI3K AKT MTOR Signaling	-0.38586524907462755	-1.0478994329334959	0.26058631921824105	1.0	0.982	45/105	19.92%	CDKN1A;VAV3;HRAS;CXCR4;PPP1CA;MAPK9;IL2RG;LCK;PITX2;CSNK2B;CFL1;STAT2;PLCG1;MAPK8;CDK2;CAB39L;CALR;TSC2;SQSTM1;MAP2K3;ACACA;ACTR3;PIN1;E2F1;PPP2R1B;RPS6KA1;GSK3B;AP2M1;ARHGDIA;DDIT3;NOD1;FASLG;TRAF2;PLCB1;ARPC3;PFN1;AKT1;PTEN;MKNK1;PLA2G12A;RAC1;MKNK2;TNFRSF1A;RIT1;IL4	ENSG00000124762;ENSG00000134215;ENSG00000174775;ENSG00000121966;ENSG00000172531;ENSG00000050748;ENSG00000147168;ENSG00000182866;ENSG00000164093;ENSG00000204435;ENSG00000172757;ENSG00000170581;ENSG00000124181;ENSG00000107643;ENSG00000123374;ENSG00000102547;ENSG00000179218;ENSG00000103197;ENSG00000161011;ENSG00000034152;ENSG00000278540;ENSG00000115091;ENSG00000127445;ENSG00000101412;ENSG00000137713;ENSG00000117676;ENSG00000082701;ENSG00000161203;ENSG00000141522;ENSG00000175197;ENSG00000106100;ENSG00000117560;ENSG00000127191;ENSG00000182621;ENSG00000111229;ENSG00000108518;ENSG00000142208;ENSG00000171862;ENSG00000079277;ENSG00000123739;ENSG00000136238;ENSG00000099875;ENSG00000067182;ENSG00000143622;ENSG00000113520
prerank	Epithelial Mesenchymal Transition	0.3861366937756229	1.0273577307017383	0.3686274509803922	1.0	1.0	58/200	11.89%	NID2;LAMC1;CXCL1;TIMP3;CCN2;COL6A3;DST;SPARC;APLP1;ITGB3;EDIL3;TFPI2;FOXC2;CRLF1;ITGB5;FSTL1;COL5A1;SLC6A8;CADM1;FGF2;CALD1;RGS4;IGFBP4;THBS1;OXTR;SDC1;ECM1;PCOLCE2;DKK1;CCN1;MEST;SLIT3;TNFRSF11B;NTM;COL12A1;COL3A1;PTHLH;FZD8;COL8A2;COL5A2;TPM2;TPM1;ITGA2;DPYSL3;JUN;PFN2;INHBA;IL6;CTHRC1;SLIT2;MMP14;WNT5A;GJA1;COL7A1;NT5E;LAMA1;MYL9;ITGA5	ENSG00000087303;ENSG00000135862;ENSG00000163739;ENSG00000100234;ENSG00000118523;ENSG00000163359;ENSG00000151914;ENSG00000113140;ENSG00000105290;ENSG00000259207;ENSG00000164176;ENSG00000105825;ENSG00000176692;ENSG00000006016;ENSG00000082781;ENSG00000163430;ENSG00000130635;ENSG00000130821;ENSG00000182985;ENSG00000138685;ENSG00000122786;ENSG00000117152;ENSG00000141753;ENSG00000137801;ENSG00000180914;ENSG00000115884;ENSG00000143369;ENSG00000163710;ENSG00000107984;ENSG00000142871;ENSG00000106484;ENSG00000184347;ENSG00000164761;ENSG00000182667;ENSG00000111799;ENSG00000168542;ENSG00000087494;ENSG00000177283;ENSG00000171812;ENSG00000204262;ENSG00000198467;ENSG00000140416;ENSG00000164171;ENSG00000113657;ENSG00000177606;ENSG00000070087;ENSG00000122641;ENSG00000136244;ENSG00000164932;ENSG00000145147;ENSG00000157227;ENSG00000114251;ENSG00000152661;ENSG00000114270;ENSG00000135318;ENSG00000101680;ENSG00000101335;ENSG00000161638
prerank	Estrogen Response Late	0.38296654258100404	1.0136226922804725	0.4247669773635153	1.0	1.0	87/200	21.22%	ST6GALNAC2;PAPSS2;CDH1;KRT19;CCNA1;TFPI2;ASCL1;CPE;SLC27A2;TSPAN13;RPS6KA2;CCND1;HMGCS2;RET;IGFBP4;ASS1;TFF3;SFN;MAPT;MYOF;PTGES;FOS;MEST;TFF1;CYP26B1;PLAC1;ACOX2;IL6ST;KLK10;DHCR7;OLFM1;PKP3;ZFP36;DHRS2;TNNC1;ALDH3B1;SLC16A1;ST14;SLC7A5;PRKAR2B;ATP2B4;IL17RB;CLIC3;TPD52L1;CAV1;PRSS23;PLXNB1;ABHD2;CA2;FOXC1;OPN3;PPIF;SGK1;EMP2;NMU;BATF;SEMA3B;ID2;NCOR2;ISG20;KIF20A;PDCD4;TMPRSS3;ADD3;TOP2A;FLNB;MYB;NRIP1;SLC26A2;CD9;ITPK1;GALE;PTPN6;XRCC3;SCARB1;KCNK5;NXT1;FKBP5;SIAH2;CKB;LLGL2;RABEP1;ABCA3;SLC29A1;DUSP2;TIAM1;PERP	ENSG00000070731;ENSG00000198682;ENSG00000039068;ENSG00000171345;ENSG00000133101;ENSG00000105825;ENSG00000139352;ENSG00000109472;ENSG00000140284;ENSG00000106537;ENSG00000071242;ENSG00000110092;ENSG00000134240;ENSG00000165731;ENSG00000141753;ENSG00000130707;ENSG00000160180;ENSG00000175793;ENSG00000186868;ENSG00000138119;ENSG00000148344;ENSG00000170345;ENSG00000106484;ENSG00000160182;ENSG00000003137;ENSG00000170965;ENSG00000168306;ENSG00000134352;ENSG00000129451;ENSG00000172893;ENSG00000130558;ENSG00000184363;ENSG00000128016;ENSG00000100867;ENSG00000114854;ENSG00000006534;ENSG00000155380;ENSG00000149418;ENSG00000103257;ENSG00000005249;ENSG00000058668;ENSG00000056736;ENSG00000169583;ENSG00000111907;ENSG00000105974;ENSG00000150687;ENSG00000164050;ENSG00000140526;ENSG00000104267;ENSG00000054598;ENSG00000054277;ENSG00000108179;ENSG00000118515;ENSG00000213853;ENSG00000109255;ENSG00000156127;ENSG00000012171;ENSG00000115738;ENSG00000196498;ENSG00000172183;ENSG00000112984;ENSG00000150593;ENSG00000160183;ENSG00000148700;ENSG00000131747;ENSG00000136068;ENSG00000118513;ENSG00000180530;ENSG00000155850;ENSG00000010278;ENSG00000100605;ENSG00000117308;ENSG00000111679;ENSG00000126215;ENSG00000073060;ENSG00000164626;ENSG00000132661;ENSG00000096060;ENSG00000181788;ENSG00000166165;ENSG00000073350;ENSG00000029725;ENSG00000167972;ENSG00000112759;ENSG00000158050;ENSG00000156299;ENSG00000112378
prerank	Reactive Oxygen Species Pathway	-0.41897600378753896	-1.0131280892420398	0.3904494382022472	1.0	0.993	23/49	19.97%	PDLIM1;HHEX;IPCEF1;NQO1;GLRX;PFKP;PRDX6;GPX4;SELENOS;PTPA;SOD1;SRXN1;FTL;LSP1;ATOX1;ERCC2;PRNP;STK25;MSRA;GLRX2;PRDX1;CAT;SOD2	ENSG00000107438;ENSG00000152804;ENSG00000074706;ENSG00000181019;ENSG00000173221;ENSG00000067057;ENSG00000117592;ENSG00000167468;ENSG00000131871;ENSG00000119383;ENSG00000142168;ENSG00000271303;ENSG00000087086;ENSG00000130592;ENSG00000177556;ENSG00000104884;ENSG00000171867;ENSG00000115694;ENSG00000175806;ENSG00000023572;ENSG00000117450;ENSG00000121691;ENSG00000291237
prerank	Pancreas Beta Cells	-0.44306100941993126	-1.0107528808125417	0.39900249376558605	0.9962602842183994	0.994	7/40	11.66%	PAX6;MAFB;FOXA2;HNF1A;NKX6-1;PDX1;STXBP1	ENSG00000007372;ENSG00000204103;ENSG00000125798;ENSG00000135100;ENSG00000163623;ENSG00000139515;ENSG00000136854
prerank	G2M Checkpoint	0.3788811221220958	1.0063149104449902	0.4397905759162304	1.0	1.0	103/200	24.24%	CCND1;MEIS1;RASAL2;EFNA5;CENPF;H2BC12;CENPE;CKS2;HOXC10;DMD;SMC2;SLC7A5;PLK1;BCL3;TNPO2;HMGA1;YTHDC1;CUL5;KIF20B;TOP1;NOLC1;SLC12A2;KIF15;TENT4A;ATRX;NSD2;POLQ;RAD21;LIG3;SQLE;MYC;PRP4K;DKC1;CCNT1;LMNB1;SMARCC1;CUL4A;HNRNPD;SYNCRIP;SMC4;CHAF1A;KIF11;MTF2;E2F3;CBX1;KPNB1;XPO1;KIF5B;SRSF1;ESPL1;HIF1A;SMC1A;RPS6KA5;G3BP1;CDC27;SFPQ;SLC38A1;AMD1;TOP2A;WRN;TRA2B;SAP30;SRSF10;GSPT1;KMT5A;LBR;TLE3;MAPK14;SLC7A1;UCK2;EZH2;DDX39A;PRMT5;NCL;CDKN1B;CASP8AP2;RAD23B;H2AZ1;CTCF;SUV39H1;RBM14;TRAIP;SNRPD1;MAD2L1;CDC20;MAP3K20;MCM6;KNL1;ODC1;BRCA2;SRSF2;GINS2;KIF4A;HSPA8;SS18;ORC6;HNRNPU;NEK2;ARID4A;HMGB3;MKI67;NOTCH2;NUMA1	ENSG00000110092;ENSG00000143995;ENSG00000075391;ENSG00000184349;ENSG00000117724;ENSG00000197903;ENSG00000138778;ENSG00000123975;ENSG00000180818;ENSG00000198947;ENSG00000136824;ENSG00000103257;ENSG00000166851;ENSG00000069399;ENSG00000105576;ENSG00000137309;ENSG00000083896;ENSG00000166266;ENSG00000138182;ENSG00000198900;ENSG00000166197;ENSG00000064651;ENSG00000163808;ENSG00000112941;ENSG00000085224;ENSG00000109685;ENSG00000051341;ENSG00000164754;ENSG00000005156;ENSG00000104549;ENSG00000136997;ENSG00000112739;ENSG00000130826;ENSG00000129315;ENSG00000113368;ENSG00000173473;ENSG00000139842;ENSG00000138668;ENSG00000135316;ENSG00000113810;ENSG00000167670;ENSG00000138160;ENSG00000143033;ENSG00000112242;ENSG00000108468;ENSG00000108424;ENSG00000082898;ENSG00000170759;ENSG00000136450;ENSG00000135476;ENSG00000100644;ENSG00000072501;ENSG00000100784;ENSG00000145907;ENSG00000004897;ENSG00000116560;ENSG00000111371;ENSG00000123505;ENSG00000131747;ENSG00000165392;ENSG00000136527;ENSG00000164105;ENSG00000188529;ENSG00000103342;ENSG00000183955;ENSG00000143815;ENSG00000140332;ENSG00000112062;ENSG00000139514;ENSG00000143179;ENSG00000106462;ENSG00000123136;ENSG00000100462;ENSG00000115053;ENSG00000111276;ENSG00000118412;ENSG00000119318;ENSG00000164032;ENSG00000102974;ENSG00000101945;ENSG00000239306;ENSG00000183763;ENSG00000167088;ENSG00000164109;ENSG00000117399;ENSG00000091436;ENSG00000076003;ENSG00000137812;ENSG00000115758;ENSG00000139618;ENSG00000161547;ENSG00000131153;ENSG00000090889;ENSG00000109971;ENSG00000141380;ENSG00000091651;ENSG00000153187;ENSG00000117650;ENSG00000032219;ENSG00000029993;ENSG00000148773;ENSG00000134250;ENSG00000137497
prerank	Apical Junction	0.379689413444937	1.0024336876616824	0.45308310991957107	1.0	1.0	44/200	12.20%	NECTIN2;DSC3;CLDN11;PTK2;FLNC;NLGN2;CDH1;CD276;ACTG2;MMP9;NEXN;SDC3;PIK3CB;CDH4;PARVA;SYK;TJP1;BAIAP2;SRC;ADAM23;TNFRSF11B;NEGR1;VWF;CLDN14;CLDN6;ITGA3;JUP;CLDN7;INSIG1;ITGA10;ITGA2;CD274;EGFR;WNK4;AMH;SLIT2;NLGN3;PTPRC;TSC1;SGCE;SYMPK;MYL9;SPEG;SORBS3	ENSG00000130202;ENSG00000134762;ENSG00000013297;ENSG00000169398;ENSG00000128591;ENSG00000169992;ENSG00000039068;ENSG00000103855;ENSG00000163017;ENSG00000100985;ENSG00000162614;ENSG00000162512;ENSG00000051382;ENSG00000179242;ENSG00000197702;ENSG00000165025;ENSG00000104067;ENSG00000175866;ENSG00000197122;ENSG00000114948;ENSG00000164761;ENSG00000172260;ENSG00000110799;ENSG00000159261;ENSG00000184697;ENSG00000005884;ENSG00000173801;ENSG00000181885;ENSG00000186480;ENSG00000143127;ENSG00000164171;ENSG00000120217;ENSG00000146648;ENSG00000126562;ENSG00000104899;ENSG00000145147;ENSG00000196338;ENSG00000081237;ENSG00000165699;ENSG00000127990;ENSG00000125755;ENSG00000101335;ENSG00000072195;ENSG00000120896
prerank	Bile Acid Metabolism	0.40174192945528825	1.0016462765809715	0.44126074498567336	1.0	1.0	19/112	10.12%	ALDH8A1;RBP1;HSD17B6;KLF1;TFCP2L1;HSD3B1;ABCG8;SLC27A2;PEX1;ABCA1;SLC23A1;ACSL1;RXRA;BCAR3;SLC27A5;PHYH;PECR;EFHC1;PEX11A	ENSG00000118514;ENSG00000114115;ENSG00000025423;ENSG00000105610;ENSG00000115112;ENSG00000203857;ENSG00000143921;ENSG00000140284;ENSG00000127980;ENSG00000165029;ENSG00000170482;ENSG00000151726;ENSG00000186350;ENSG00000137936;ENSG00000083807;ENSG00000107537;ENSG00000115425;ENSG00000096093;ENSG00000166821
prerank	Heme Metabolism	-0.3476187437933636	-0.9982794254974175	0.4022140221402214	0.9515534582529623	0.997	67/200	17.39%	GYPE;HBQ1;TRIM58;C3;HBB;MOSPD1;ABCG2;EPOR;E2F2;MARCHF2;TMCC2;DMTN;AQP3;GATA1;TAL1;HEBP1;RNF123;CCDC28A;MBOAT2;MPP1;SLC10A3;SMOX;CTNS;SYNJ1;ATG4A;HAGH;CAST;ABCB6;YPEL5;UCP2;SLC66A2;OPTN;KAT2B;SIDT2;ARL2BP;RIOK3;UROS;MARCHF8;BLVRA;DCAF11;MAP2K3;DCAF10;CCND3;MKRN1;ADIPOR1;FBXO7;RANBP10;FOXO3;UROD;NNT;PPOX;SDCBP;TFDP2;CLIC2;FECH;ALDH1L1;FBXO9;SEC14L1;ACP5;BACH1;DAAM1;MFHAS1;GAPVD1;KLF3;NCOA4;BLVRB;TMEM9B	ENSG00000197465;ENSG00000086506;ENSG00000162722;ENSG00000125730;ENSG00000244734;ENSG00000101928;ENSG00000118777;ENSG00000187266;ENSG00000007968;ENSG00000099785;ENSG00000133069;ENSG00000158856;ENSG00000165272;ENSG00000102145;ENSG00000162367;ENSG00000013583;ENSG00000164068;ENSG00000024862;ENSG00000143797;ENSG00000130830;ENSG00000126903;ENSG00000088826;ENSG00000040531;ENSG00000159082;ENSG00000101844;ENSG00000063854;ENSG00000310517;ENSG00000115657;ENSG00000119801;ENSG00000175567;ENSG00000122490;ENSG00000123240;ENSG00000114166;ENSG00000149577;ENSG00000102931;ENSG00000101782;ENSG00000188690;ENSG00000165406;ENSG00000106605;ENSG00000100897;ENSG00000034152;ENSG00000122741;ENSG00000112576;ENSG00000133606;ENSG00000159346;ENSG00000100225;ENSG00000141084;ENSG00000118689;ENSG00000126088;ENSG00000112992;ENSG00000143224;ENSG00000137575;ENSG00000114126;ENSG00000155962;ENSG00000066926;ENSG00000144908;ENSG00000112146;ENSG00000129657;ENSG00000102575;ENSG00000156273;ENSG00000100592;ENSG00000147324;ENSG00000165219;ENSG00000109787;ENSG00000266412;ENSG00000090013;ENSG00000175348
prerank	TNFA Signaling VIA NFKB	-0.343339648315638	-0.9879407076141906	0.5	0.9111325434003857	1.0	68/200	15.96%	TLR2;ACKR3;SERPINE1;IFIT2;KLF2;KLF4;PLAU;CD80;CLCF1;CDKN1A;IL18;TUBB2A;CCRL2;TNFSF9;CCL4;GPR183;TNFAIP2;NR4A1;PTX3;GFPT2;ICOSLG;MARCKS;PLAUR;TRIB1;TNC;DUSP5;PHLDA2;TNFRSF9;RIGI;CCL20;EDN1;RIPK2;NR4A3;IER3;SPHK1;CSF2;NINJ1;ETS2;GADD45B;GCH1;TSC22D1;TNFAIP6;EGR3;TNIP1;SDC4;B4GALT1;SQSTM1;MAP2K3;CD83;PDE4B;IRS2;PNRC1;LITAF;GADD45A;CSF1;ICAM1;TRAF1;NFIL3;SERPINB8;BHLHE40;EIF1;CD69;REL;SMAD3;CCL5;CD44;RCAN1;IER5	ENSG00000137462;ENSG00000144476;ENSG00000106366;ENSG00000119922;ENSG00000127528;ENSG00000136826;ENSG00000122861;ENSG00000121594;ENSG00000175505;ENSG00000124762;ENSG00000150782;ENSG00000137267;ENSG00000121797;ENSG00000125657;ENSG00000275302;ENSG00000169508;ENSG00000185215;ENSG00000123358;ENSG00000163661;ENSG00000131459;ENSG00000160223;ENSG00000277443;ENSG00000011422;ENSG00000173334;ENSG00000041982;ENSG00000138166;ENSG00000181649;ENSG00000049249;ENSG00000107201;ENSG00000115009;ENSG00000078401;ENSG00000104312;ENSG00000119508;ENSG00000137331;ENSG00000176170;ENSG00000164400;ENSG00000131669;ENSG00000157557;ENSG00000099860;ENSG00000131979;ENSG00000102804;ENSG00000123610;ENSG00000179388;ENSG00000145901;ENSG00000124145;ENSG00000086062;ENSG00000161011;ENSG00000034152;ENSG00000112149;ENSG00000184588;ENSG00000185950;ENSG00000146278;ENSG00000189067;ENSG00000116717;ENSG00000184371;ENSG00000090339;ENSG00000056558;ENSG00000165030;ENSG00000166401;ENSG00000134107;ENSG00000173812;ENSG00000110848;ENSG00000162924;ENSG00000166949;ENSG00000271503;ENSG00000026508;ENSG00000159200;ENSG00000162783
prerank	Coagulation	0.38346733927004445	0.9820371881385959	0.4888888888888889	1.0	1.0	41/138	14.31%	TIMP3;MMP11;SPARC;HPN;C2;P2RY1;C1R;ITGB3;TFPI2;SERPINC1;PROS1;MMP9;HMGCS2;THBS1;KLF7;HNF4A;LGMN;DCT;S100A1;PROZ;F3;THBD;VWF;PROC;ACOX2;ITGA2;CFB;PLG;PLEK;MMP14;TMPRSS6;SH2B2;PLAT;CPQ;C1S;KLKB1;PRSS23;TIMP1;ADAM9;CAPN5;GDA	ENSG00000100234;ENSG00000099953;ENSG00000113140;ENSG00000105707;ENSG00000166278;ENSG00000169860;ENSG00000159403;ENSG00000259207;ENSG00000105825;ENSG00000117601;ENSG00000184500;ENSG00000100985;ENSG00000134240;ENSG00000137801;ENSG00000118263;ENSG00000101076;ENSG00000100600;ENSG00000080166;ENSG00000160678;ENSG00000126231;ENSG00000117525;ENSG00000178726;ENSG00000110799;ENSG00000115718;ENSG00000168306;ENSG00000164171;ENSG00000243649;ENSG00000122194;ENSG00000115956;ENSG00000157227;ENSG00000187045;ENSG00000160999;ENSG00000104368;ENSG00000104324;ENSG00000182326;ENSG00000164344;ENSG00000150687;ENSG00000102265;ENSG00000168615;ENSG00000149260;ENSG00000119125
prerank	KRAS Signaling DN	0.3693125121037433	0.9789532931251751	0.5224646983311938	1.0	1.0	38/200	10.49%	HSD11B2;SELENOP;YBX2;TFF2;MYH7;TG;TGM1;DLK2;CCNA1;TFAP2B;TFCP2L1;COL2A1;MYO15A;CCR8;NUDT11;RYR1;IRS4;TGFB2;CCDC106;SKIL;STAG3;KRT4;FGF16;EDAR;UPK3B;ARHGDIG;AKR1B10;PNMT;SYNPO;TENM2;NR6A1;FGF22;DTNB;C5;FGGY;SLC25A23;RYR2;GPRC5C	ENSG00000176387;ENSG00000250722;ENSG00000006047;ENSG00000160181;ENSG00000092054;ENSG00000042832;ENSG00000092295;ENSG00000171462;ENSG00000133101;ENSG00000008196;ENSG00000115112;ENSG00000139219;ENSG00000091536;ENSG00000179934;ENSG00000196368;ENSG00000196218;ENSG00000133124;ENSG00000092969;ENSG00000173581;ENSG00000136603;ENSG00000066923;ENSG00000170477;ENSG00000196468;ENSG00000135960;ENSG00000243566;ENSG00000242173;ENSG00000198074;ENSG00000141744;ENSG00000171992;ENSG00000145934;ENSG00000148200;ENSG00000070388;ENSG00000138101;ENSG00000106804;ENSG00000172456;ENSG00000125648;ENSG00000198626;ENSG00000170412
prerank	Inflammatory Response	-0.3335857976139888	-0.9675238013410472	0.5714285714285714	0.9455084045191513	1.0	63/200	15.33%	PCDH7;TLR2;SLC7A2;SERPINE1;RNF144B;MEP1A;SLC1A2;NMUR1;LAMP3;CDKN1A;PTGIR;CALCRL;IL18;CD70;LTA;CCRL2;TNFSF9;GPR183;AQP9;SLC4A4;STAB1;TLR3;MET;PTGER2;ICOSLG;FZD5;PLAUR;SLC31A2;EREG;IL10RA;RGS16;CCL22;TNFRSF9;LCK;CCL20;EDN1;PTAFR;RIPK2;P2RX4;SPHK1;CD82;C3AR1;CHST2;CXCL8;TNFSF15;GCH1;TNFAIP6;LY6E;IL15;GNAI3;SELENOS;PDE4B;TNFRSF1B;CSF1;ICAM1;TNFSF10;PVR;CD69;ADRM1;BST2;LCP2;RGS1;CCL5	ENSG00000169851;ENSG00000137462;ENSG00000003989;ENSG00000106366;ENSG00000137393;ENSG00000112818;ENSG00000110436;ENSG00000171596;ENSG00000078081;ENSG00000124762;ENSG00000160013;ENSG00000064989;ENSG00000150782;ENSG00000125726;ENSG00000226979;ENSG00000121797;ENSG00000125657;ENSG00000169508;ENSG00000103569;ENSG00000080493;ENSG00000010327;ENSG00000164342;ENSG00000105976;ENSG00000125384;ENSG00000160223;ENSG00000163251;ENSG00000011422;ENSG00000136867;ENSG00000124882;ENSG00000110324;ENSG00000143333;ENSG00000102962;ENSG00000049249;ENSG00000182866;ENSG00000115009;ENSG00000078401;ENSG00000169403;ENSG00000104312;ENSG00000135124;ENSG00000176170;ENSG00000085117;ENSG00000171860;ENSG00000175040;ENSG00000169429;ENSG00000181634;ENSG00000131979;ENSG00000123610;ENSG00000160932;ENSG00000164136;ENSG00000065135;ENSG00000131871;ENSG00000184588;ENSG00000028137;ENSG00000184371;ENSG00000090339;ENSG00000121858;ENSG00000073008;ENSG00000110848;ENSG00000130706;ENSG00000130303;ENSG00000043462;ENSG00000090104;ENSG00000271503
prerank	TGF Beta Signaling	0.4181148504354956	0.9639815373228008	0.5273556231003039	1.0	1.0	23/54	17.88%	CDH1;ID1;THBS1;TJP1;SKIL;ACVR1;SMURF1;JUNB;BCAR3;SMAD6;SMURF2;CTNNB1;CDK9;BMPR1A;ARID4B;MAP3K7;APC;HIPK2;ID2;IFNGR2;FURIN;NCOR2;SPTBN1	ENSG00000039068;ENSG00000125968;ENSG00000137801;ENSG00000104067;ENSG00000136603;ENSG00000115170;ENSG00000198742;ENSG00000171223;ENSG00000137936;ENSG00000137834;ENSG00000108854;ENSG00000168036;ENSG00000136807;ENSG00000107779;ENSG00000054267;ENSG00000135341;ENSG00000134982;ENSG00000064393;ENSG00000115738;ENSG00000159128;ENSG00000140564;ENSG00000196498;ENSG00000115306
prerank	Spermatogenesis	0.37314730371980875	0.9581336287332343	0.5449591280653951	1.0	1.0	30/135	17.54%	DDX4;YBX2;GSTM3;CNIH2;CFTR;CCNA1;ART3;MAP7;PIAS2;CLVS1;GSG1;DDX25;CHRM4;NEFH;BRAF;OAZ3;CLGN;RAD17;PGS1;SLC12A2;IL12RB2;ARL4A;IDE;NCAPH;PRKAR2A;SIRT1;MLLT10;GMCL1;ZC3H14;COIL	ENSG00000152670;ENSG00000006047;ENSG00000134202;ENSG00000174871;ENSG00000001626;ENSG00000133101;ENSG00000156219;ENSG00000135525;ENSG00000078043;ENSG00000177182;ENSG00000111305;ENSG00000109832;ENSG00000180720;ENSG00000100285;ENSG00000157764;ENSG00000143450;ENSG00000153132;ENSG00000152942;ENSG00000087157;ENSG00000064651;ENSG00000081985;ENSG00000122644;ENSG00000119912;ENSG00000121152;ENSG00000114302;ENSG00000096717;ENSG00000078403;ENSG00000087338;ENSG00000100722;ENSG00000121058
prerank	MTORC1 Signaling	0.34956534411883367	0.9280067473597947	0.6571056062581486	1.0	1.0	64/200	20.43%	POLR3G;VLDLR;ME1;CTH;CFP;ELOVL6;LGMN;STC1;SLC7A11;BCAT1;INSIG1;NAMPT;LDLR;DHCR7;IFRD1;HK2;PDK1;SLC7A5;PLK1;CYP51A1;HMGCS1;PSPH;CACYBP;PPA1;AK4;DDIT4;PSMD12;PHGDH;SQLE;MTHFD2;RDH11;EDEM1;P4HA1;HSPD1;SLC2A1;DAPP1;EGLN3;SLC2A3;HSPA4;GSR;USO1;CCT6A;EPRS1;ASNS;PSMC6;TFRC;LDHA;SYTL2;EIF2S2;EEF1E1;NUP205;PSMA3;HSP90B1;ADD3;PSAT1;CD9;SLA;ARPC5L;ACSL3;GMPS;GCLC;DDX39A;SCD;HSPA9	ENSG00000113356;ENSG00000147852;ENSG00000065833;ENSG00000116761;ENSG00000126759;ENSG00000170522;ENSG00000100600;ENSG00000159167;ENSG00000151012;ENSG00000060982;ENSG00000186480;ENSG00000105835;ENSG00000130164;ENSG00000172893;ENSG00000006652;ENSG00000159399;ENSG00000152256;ENSG00000103257;ENSG00000166851;ENSG00000001630;ENSG00000112972;ENSG00000146733;ENSG00000116161;ENSG00000180817;ENSG00000162433;ENSG00000168209;ENSG00000197170;ENSG00000092621;ENSG00000104549;ENSG00000065911;ENSG00000072042;ENSG00000134109;ENSG00000122884;ENSG00000144381;ENSG00000117394;ENSG00000070190;ENSG00000129521;ENSG00000059804;ENSG00000170606;ENSG00000104687;ENSG00000138768;ENSG00000146731;ENSG00000136628;ENSG00000070669;ENSG00000100519;ENSG00000072274;ENSG00000134333;ENSG00000137501;ENSG00000125977;ENSG00000124802;ENSG00000155561;ENSG00000100567;ENSG00000166598;ENSG00000148700;ENSG00000135069;ENSG00000010278;ENSG00000155926;ENSG00000136950;ENSG00000123983;ENSG00000163655;ENSG00000001084;ENSG00000123136;ENSG00000099194;ENSG00000113013
prerank	Xenobiotic Metabolism	0.34896552541280784	0.9240949970295057	0.6912928759894459	1.0	1.0	38/200	12.22%	CYP1A2;CYP2E1;CYP2C18;AKR1C3;PAPSS2;TYR;LEAP2;PDK4;RAP1GAP;PROS1;MPP2;IGFBP4;BCAR1;CDA;IGF1;TGFB2;GSTT2;HNF4A;DDC;EPHA2;PTGES;PTGDS;VTN;ARG1;SLC6A12;ACOX2;JUP;FABP1;BCAT1;GCNT2;CFB;CDO1;PLG;GSTM4;CD36;SLC35D1;PYCR1;IRF8	ENSG00000140505;ENSG00000130649;ENSG00000108242;ENSG00000196139;ENSG00000198682;ENSG00000077498;ENSG00000164406;ENSG00000004799;ENSG00000076864;ENSG00000184500;ENSG00000108852;ENSG00000141753;ENSG00000050820;ENSG00000158825;ENSG00000017427;ENSG00000092969;ENSG00000099984;ENSG00000101076;ENSG00000132437;ENSG00000142627;ENSG00000148344;ENSG00000107317;ENSG00000109072;ENSG00000118520;ENSG00000111181;ENSG00000168306;ENSG00000173801;ENSG00000163586;ENSG00000060982;ENSG00000111846;ENSG00000243649;ENSG00000129596;ENSG00000122194;ENSG00000168765;ENSG00000135218;ENSG00000116704;ENSG00000183010;ENSG00000140968
prerank	Complement	-0.31833268490921957	-0.920305089637148	0.7689243027888446	1.0	1.0	57/200	15.33%	LRP1;MT3;FN1;CR2;L3MBTL4;SERPINE1;C3;SERPINA1;F2;CD59;APOC1;S100A13;C4BPB;KLK1;CDH13;HPCAL4;PDGFB;CTSV;CLU;PLAUR;CD40LG;CPM;CASP10;FDX1;LIPA;DUSP5;ITGAM;LCK;ADRA2B;CDK5R1;SH2B3;PIK3CG;LGALS3;DOCK9;TIMP2;RABIF;WAS;CASP4;PRSS36;PDP1;GNAI3;APOBEC3F;PRCP;CALM3;CTSH;GATA3;CSRP1;MMP15;FCER1G;CASP1;IRF2;SERPING1;NOTCH4;GMFB;LCP2;ATOX1;CCL5	ENSG00000123384;ENSG00000087250;ENSG00000115414;ENSG00000117322;ENSG00000154655;ENSG00000106366;ENSG00000125730;ENSG00000197249;ENSG00000180210;ENSG00000085063;ENSG00000130208;ENSG00000189171;ENSG00000123843;ENSG00000167748;ENSG00000140945;ENSG00000116983;ENSG00000100311;ENSG00000136943;ENSG00000120885;ENSG00000011422;ENSG00000102245;ENSG00000135678;ENSG00000003400;ENSG00000137714;ENSG00000107798;ENSG00000138166;ENSG00000169896;ENSG00000182866;ENSG00000274286;ENSG00000176749;ENSG00000111252;ENSG00000105851;ENSG00000131981;ENSG00000088387;ENSG00000035862;ENSG00000183155;ENSG00000015285;ENSG00000196954;ENSG00000178226;ENSG00000164951;ENSG00000065135;ENSG00000128394;ENSG00000137509;ENSG00000160014;ENSG00000103811;ENSG00000107485;ENSG00000159176;ENSG00000102996;ENSG00000158869;ENSG00000137752;ENSG00000168310;ENSG00000149131;ENSG00000204301;ENSG00000197045;ENSG00000043462;ENSG00000177556;ENSG00000271503
prerank	Cholesterol Homeostasis	0.38229830280349814	0.9109944972895766	0.6352201257861635	1.0	1.0	29/74	20.23%	PPARG;GPX8;ERRFI1;LGMN;GLDC;LDLR;CXCL16;DHCR7;MAL2;CTNNB1;SREBF2;CYP51A1;HMGCS1;FASN;JAG1;SQLE;MVK;HSD17B7;MVD;ALDOC;SEMA3B;CPEB2;FDPS;ABCA2;ALCAM;FBXO6;CD9;SCD;GSTM2	ENSG00000132170;ENSG00000164294;ENSG00000116285;ENSG00000100600;ENSG00000178445;ENSG00000130164;ENSG00000161921;ENSG00000172893;ENSG00000147676;ENSG00000168036;ENSG00000198911;ENSG00000001630;ENSG00000112972;ENSG00000169710;ENSG00000101384;ENSG00000104549;ENSG00000110921;ENSG00000132196;ENSG00000167508;ENSG00000109107;ENSG00000012171;ENSG00000137449;ENSG00000160752;ENSG00000107331;ENSG00000170017;ENSG00000116663;ENSG00000010278;ENSG00000099194;ENSG00000213366
prerank	Interferon Gamma Response	-0.31360388198135025	-0.9093735038293083	0.8650793650793651	1.0	1.0	79/200	18.55%	IFIT2;IFIT1;IFI44;BATF2;CDKN1A;FGL2;CMTR1;TNFAIP2;SELP;OAS3;TXNIP;IL10RA;IFI44L;RIGI;ISG15;RIPK2;PFKP;MX1;IFIT3;VCAM1;STAT4;STAT2;VAMP8;SAMHD1;GCH1;CD74;MX2;TNFAIP6;CASP4;LY6E;IL15;IFI30;ITGB7;IFI35;IRF5;HLA-B;SAMD9L;VAMP5;RSAD2;IDO1;OASL;IFITM2;PDE4B;MT2A;ICAM1;FAS;TNFSF10;CASP1;XAF1;IRF2;CD69;SERPING1;SOCS1;BST2;LCP2;CMPK2;CCL5;KLRK1;IFITM3;UPP1;PARP12;NOD1;PSMB2;B2M;EIF4E3;XCL1;CFH;RTP4;IRF1;STAT1;ADAR;PML;PSMB9;SECTM1;CASP7;OAS2;LGALS3BP;HLA-A;TOR1B	ENSG00000119922;ENSG00000185745;ENSG00000137965;ENSG00000168062;ENSG00000124762;ENSG00000127951;ENSG00000137200;ENSG00000185215;ENSG00000174175;ENSG00000111331;ENSG00000265972;ENSG00000110324;ENSG00000137959;ENSG00000107201;ENSG00000187608;ENSG00000104312;ENSG00000067057;ENSG00000157601;ENSG00000119917;ENSG00000162692;ENSG00000138378;ENSG00000170581;ENSG00000118640;ENSG00000101347;ENSG00000131979;ENSG00000019582;ENSG00000183486;ENSG00000123610;ENSG00000196954;ENSG00000160932;ENSG00000164136;ENSG00000216490;ENSG00000139626;ENSG00000068079;ENSG00000128604;ENSG00000234745;ENSG00000177409;ENSG00000168899;ENSG00000134321;ENSG00000131203;ENSG00000135114;ENSG00000185201;ENSG00000184588;ENSG00000125148;ENSG00000090339;ENSG00000026103;ENSG00000121858;ENSG00000137752;ENSG00000132530;ENSG00000168310;ENSG00000110848;ENSG00000149131;ENSG00000185338;ENSG00000130303;ENSG00000043462;ENSG00000134326;ENSG00000271503;ENSG00000213809;ENSG00000142089;ENSG00000183696;ENSG00000059378;ENSG00000106100;ENSG00000126067;ENSG00000166710;ENSG00000163412;ENSG00000143184;ENSG00000000971;ENSG00000136514;ENSG00000125347;ENSG00000115415;ENSG00000160710;ENSG00000140464;ENSG00000240065;ENSG00000141574;ENSG00000165806;ENSG00000111335;ENSG00000108679;ENSG00000206503;ENSG00000136816
prerank	Fatty Acid Metabolism	0.3482865266706277	0.9042657858594332	0.7231404958677686	1.0	1.0	51/158	21.21%	PTPRG;G0S2;XIST;ME1;TP53INP2;HMGCS2;AUH;AOC3;LTC4S;MGLL;ACSL1;FABP1;GPD1;GLUL;NBN;RDH16;CD36;HMGCS1;HSPH1;MCEE;FASN;ACAA1;METAP1;CA2;HSP90AA1;HSD17B7;PPARA;RDH11;IDH3B;NTHL1;HPGD;ACSL4;ETFDH;MLYCD;SUCLG2;ACADM;OSTC;CPT1A;LDHA;ADSL;MIX23;KMT5A;ACSS1;BCKDHB;RETSAT;ACOT2;APEX1;H2AZ1;LGALS1;CYP1A1;CRYZ	ENSG00000144724;ENSG00000123689;ENSG00000229807;ENSG00000065833;ENSG00000078804;ENSG00000134240;ENSG00000148090;ENSG00000131471;ENSG00000213316;ENSG00000074416;ENSG00000151726;ENSG00000163586;ENSG00000167588;ENSG00000135821;ENSG00000104320;ENSG00000139547;ENSG00000135218;ENSG00000112972;ENSG00000120694;ENSG00000124370;ENSG00000169710;ENSG00000060971;ENSG00000164024;ENSG00000104267;ENSG00000080824;ENSG00000132196;ENSG00000186951;ENSG00000072042;ENSG00000101365;ENSG00000065057;ENSG00000164120;ENSG00000068366;ENSG00000171503;ENSG00000103150;ENSG00000172340;ENSG00000117054;ENSG00000198856;ENSG00000110090;ENSG00000134333;ENSG00000239900;ENSG00000160124;ENSG00000183955;ENSG00000154930;ENSG00000083123;ENSG00000042445;ENSG00000119673;ENSG00000100823;ENSG00000164032;ENSG00000100097;ENSG00000140465;ENSG00000116791
prerank	KRAS Signaling UP	0.34015992610381623	0.8967863207038167	0.7549148099606815	1.0	1.0	56/200	16.40%	ETV5;G0S2;SPRY2;ALDH1A3;H2BC3;ETV4;MMP11;CXCL10;TSPAN7;CPE;MMP9;SPON1;GNG11;TSPAN13;NAP1L2;SCN1B;PTGS2;MAP7;HKDC1;TMEM176A;IL33;BTC;ARG1;ITGBL1;PTPRR;JUP;ITGA2;CFB;EVI5;IGF2;PTBP2;INHBA;PLAT;USH1C;GPNMB;ADAM8;ADAM17;CCSER2;VWA5A;IRF8;ZNF639;HOXD11;CBL;AMMECR1;RBM4;CA2;SATB1;CBR4;IL7R;F2RL1;USP12;ETS1;TSPAN1;SEMA3B;ID2;TNFAIP3	ENSG00000244405;ENSG00000123689;ENSG00000136158;ENSG00000184254;ENSG00000276410;ENSG00000175832;ENSG00000099953;ENSG00000169245;ENSG00000156298;ENSG00000109472;ENSG00000100985;ENSG00000262655;ENSG00000127920;ENSG00000106537;ENSG00000186462;ENSG00000105711;ENSG00000073756;ENSG00000135525;ENSG00000156510;ENSG00000002933;ENSG00000137033;ENSG00000174808;ENSG00000118520;ENSG00000198542;ENSG00000153233;ENSG00000173801;ENSG00000164171;ENSG00000243649;ENSG00000067208;ENSG00000167244;ENSG00000117569;ENSG00000122641;ENSG00000104368;ENSG00000006611;ENSG00000136235;ENSG00000151651;ENSG00000151694;ENSG00000107771;ENSG00000110002;ENSG00000140968;ENSG00000121864;ENSG00000128713;ENSG00000110395;ENSG00000101935;ENSG00000173933;ENSG00000104267;ENSG00000182568;ENSG00000145439;ENSG00000168685;ENSG00000164251;ENSG00000152484;ENSG00000134954;ENSG00000117472;ENSG00000012171;ENSG00000115738;ENSG00000118503
prerank	E2F Targets	-0.3118398808434401	-0.8942111640760491	0.8623188405797102	1.0	1.0	84/200	21.17%	CDKN1A;CDKN2A;CDKN2C;DONSON;RRM2;ASF1B;TCF19;MYBL2;GINS3;POLE4;MELK;SPC25;TK1;GINS4;POLE;TUBB;BIRC5;PCNA;STMN1;CENPM;TUBG1;KIF22;UBR7;RPA2;SPC24;SHMT1;RPA1;AURKB;RPA3;RACGAP1;PSMC3IP;CCNE1;RNASEH2A;SPAG5;POLD2;PRIM2;UBE2T;GINS1;PPP1R8;ASF1A;TP53;WDR90;PPM1D;CDCA3;TIMELESS;PRPS1;MLH1;JPT1;MSH2;DCTPP1;RBBP7;CKS1B;TACC3;SLBP;TMPO;MXD3;HUS1;POLD3;MCM7;POLD1;CDC25A;PAN2;TRIP13;H2AX;DSCC1;PHF5A;CSE1L;XRCC6;RFC2;LIG1;NUP107;PRKDC;SNRPB;RANBP1;CDC25B;RAD51C;MCM5;CDKN3;KIF2C;BRCA1;CHEK1;MCM3;NCAPD2;POP7	ENSG00000124762;ENSG00000147889;ENSG00000123080;ENSG00000159147;ENSG00000171848;ENSG00000105011;ENSG00000137310;ENSG00000101057;ENSG00000181938;ENSG00000115350;ENSG00000165304;ENSG00000152253;ENSG00000167900;ENSG00000147536;ENSG00000177084;ENSG00000196230;ENSG00000089685;ENSG00000132646;ENSG00000117632;ENSG00000100162;ENSG00000131462;ENSG00000079616;ENSG00000012963;ENSG00000117748;ENSG00000161888;ENSG00000176974;ENSG00000132383;ENSG00000178999;ENSG00000106399;ENSG00000161800;ENSG00000131470;ENSG00000105173;ENSG00000104889;ENSG00000076382;ENSG00000106628;ENSG00000146143;ENSG00000077152;ENSG00000101003;ENSG00000117751;ENSG00000111875;ENSG00000141510;ENSG00000161996;ENSG00000170836;ENSG00000111665;ENSG00000111602;ENSG00000147224;ENSG00000076242;ENSG00000189159;ENSG00000095002;ENSG00000179958;ENSG00000102054;ENSG00000173207;ENSG00000013810;ENSG00000163950;ENSG00000120802;ENSG00000213347;ENSG00000136273;ENSG00000077514;ENSG00000166508;ENSG00000062822;ENSG00000164045;ENSG00000135473;ENSG00000071539;ENSG00000188486;ENSG00000136982;ENSG00000100410;ENSG00000124207;ENSG00000196419;ENSG00000049541;ENSG00000105486;ENSG00000111581;ENSG00000253729;ENSG00000125835;ENSG00000099901;ENSG00000101224;ENSG00000108384;ENSG00000100297;ENSG00000100526;ENSG00000142945;ENSG00000012048;ENSG00000149554;ENSG00000112118;ENSG00000010292;ENSG00000172336
prerank	Apical Surface	0.40797028306952016	0.8936938621889386	0.6617161716171617	1.0	1.0	10/44	10.29%	RTN4RL1;GSTM3;GHRL;EFNA5;SULF2;SLC2A4;SLC34A3;PCSK9;LYN;NCOA6	ENSG00000185924;ENSG00000134202;ENSG00000157017;ENSG00000184349;ENSG00000196562;ENSG00000181856;ENSG00000198569;ENSG00000169174;ENSG00000254087;ENSG00000198646
prerank	Hedgehog Signaling	-0.39726395261527514	-0.8913234858006348	0.6306532663316583	1.0	1.0	12/36	9.73%	THY1;HEY2;NRP1;DPYSL2;RTN1;SCG2;NRCAM;NRP2;CELSR1;NKX6-1;CDK5R1;ETS2	ENSG00000154096;ENSG00000135547;ENSG00000099250;ENSG00000092964;ENSG00000139970;ENSG00000171951;ENSG00000091129;ENSG00000118257;ENSG00000075275;ENSG00000163623;ENSG00000176749;ENSG00000157557
prerank	Adipogenesis	-0.3063469890342166	-0.8895570729284196	0.9391634980988594	0.9893634610085422	1.0	87/200	19.67%	PTGER3;C3;LPL;APOE;REEP6;CDKN2C;SULT1A1;PEX14;FZD4;RETN;ANGPT1;MRAP;EPHX2;PHLDB1;UQCR10;DECR1;ITSN1;DRAM2;COL4A1;CRAT;ABCB8;ALDH2;ECHS1;ACO2;GPX4;UCP2;ADIPOR2;CD151;DHRS7B;IDH3G;LPCAT3;RIOK3;UCK1;ETFB;UQCR11;SLC25A1;NKIRAS1;DGAT1;G3BP2;IDH3A;GADD45A;SAMM50;TST;SOD1;RTN3;UBC;IMMT;MTCH2;MCCC1;COX8A;PGM1;SQOR;ARAF;ESYT1;CHUK;GHITM;DHRS7;DNAJB9;COX6A1;GPAT4;TALDO1;YWHAG;UQCRC1;ACOX1;BCKDHA;GPD2;REEP5;DDT;SDHC;PFKL;COL15A1;MDH2;RMDN3;CMBL;QDPR;ELMOD3;NDUFS3;MRPL15;FAH;COQ5;CAT;CHCHD10;STAT5A;UQCRQ;RNF11;COX7B;TOB1	ENSG00000050628;ENSG00000125730;ENSG00000175445;ENSG00000130203;ENSG00000115255;ENSG00000123080;ENSG00000196502;ENSG00000142655;ENSG00000174804;ENSG00000104918;ENSG00000154188;ENSG00000170262;ENSG00000120915;ENSG00000019144;ENSG00000184076;ENSG00000104325;ENSG00000205726;ENSG00000156171;ENSG00000187498;ENSG00000095321;ENSG00000197150;ENSG00000111275;ENSG00000127884;ENSG00000100412;ENSG00000167468;ENSG00000175567;ENSG00000006831;ENSG00000177697;ENSG00000109016;ENSG00000067829;ENSG00000111684;ENSG00000101782;ENSG00000130717;ENSG00000105379;ENSG00000127540;ENSG00000100075;ENSG00000197885;ENSG00000185000;ENSG00000138757;ENSG00000166411;ENSG00000116717;ENSG00000100347;ENSG00000128311;ENSG00000142168;ENSG00000133318;ENSG00000150991;ENSG00000132305;ENSG00000109919;ENSG00000078070;ENSG00000176340;ENSG00000079739;ENSG00000137767;ENSG00000078061;ENSG00000139641;ENSG00000213341;ENSG00000165678;ENSG00000100612;ENSG00000128590;ENSG00000111775;ENSG00000158669;ENSG00000177156;ENSG00000170027;ENSG00000010256;ENSG00000161533;ENSG00000248098;ENSG00000115159;ENSG00000129625;ENSG00000099977;ENSG00000143252;ENSG00000141959;ENSG00000204291;ENSG00000146701;ENSG00000137824;ENSG00000164237;ENSG00000151552;ENSG00000115459;ENSG00000213619;ENSG00000137547;ENSG00000103876;ENSG00000110871;ENSG00000121691;ENSG00000250479;ENSG00000126561;ENSG00000164405;ENSG00000123091;ENSG00000131174;ENSG00000141232
prerank	Hypoxia	0.3318507768742283	0.8760529827538713	0.8259052924791086	1.0	1.0	63/200	19.19%	CCN2;PPARGC1A;STC2;CSRP2;VLDLR;ERRFI1;COL5A1;PYGM;SDC3;NDST1;PGF;KIF5A;KLF7;DTNA;SELENBP1;CCN1;FOS;STC1;CP;F3;GCNT2;EFNA3;JUN;EGFR;ADM;PPFIA4;IL6;GPC3;ZFP36;HK2;ZNF292;IDS;PDK1;RORA;GPC4;CAVIN1;CAV1;HOXB9;AK4;DDIT4;FAM162A;MT1E;GCK;KDM3A;TGFBI;P4HA1;SLC2A1;ADORA2B;ETS1;ALDOC;TNFAIP3;SLC2A3;FOSL2;CCNG2;PGM2;LDHA;ISG20;CAVIN3;VEGFA;BNIP3L;PAM;SAP30;TPST2	ENSG00000118523;ENSG00000109819;ENSG00000113739;ENSG00000175183;ENSG00000147852;ENSG00000116285;ENSG00000130635;ENSG00000068976;ENSG00000162512;ENSG00000070614;ENSG00000119630;ENSG00000155980;ENSG00000118263;ENSG00000134769;ENSG00000143416;ENSG00000142871;ENSG00000170345;ENSG00000159167;ENSG00000047457;ENSG00000117525;ENSG00000111846;ENSG00000143590;ENSG00000177606;ENSG00000146648;ENSG00000148926;ENSG00000143847;ENSG00000136244;ENSG00000147257;ENSG00000128016;ENSG00000159399;ENSG00000188994;ENSG00000010404;ENSG00000152256;ENSG00000069667;ENSG00000076716;ENSG00000177469;ENSG00000105974;ENSG00000170689;ENSG00000162433;ENSG00000168209;ENSG00000114023;ENSG00000169715;ENSG00000106633;ENSG00000115548;ENSG00000120708;ENSG00000122884;ENSG00000117394;ENSG00000170425;ENSG00000134954;ENSG00000109107;ENSG00000118503;ENSG00000059804;ENSG00000075426;ENSG00000138764;ENSG00000169299;ENSG00000134333;ENSG00000172183;ENSG00000170955;ENSG00000112715;ENSG00000104765;ENSG00000145730;ENSG00000164105;ENSG00000128294
prerank	Myogenesis	0.3285763999576901	0.8755793312840039	0.8161073825503355	1.0	1.0	41/200	12.46%	NCAM1;NAV2;STC2;COL6A3;SPARC;MYH7;SGCA;KIFC3;MYH11;ITGB5;SLC6A8;PYGM;FGF2;TEAD4;RYR1;IGF1;ERBB3;DTNA;ITGA7;CRYAB;CHRNA1;LDB3;COL3A1;ACSL1;SORBS1;DAPK2;TPM2;PPFIA4;MYL3;IFRD1;TNNC1;REEP1;DMD;CD36;VIPR1;SPEG;MYH3;SORBS3;MAPRE3;EIF4A2;TPD52L1	ENSG00000149294;ENSG00000166833;ENSG00000113739;ENSG00000163359;ENSG00000113140;ENSG00000092054;ENSG00000108823;ENSG00000140859;ENSG00000133392;ENSG00000082781;ENSG00000130821;ENSG00000068976;ENSG00000138685;ENSG00000197905;ENSG00000196218;ENSG00000017427;ENSG00000065361;ENSG00000134769;ENSG00000135424;ENSG00000109846;ENSG00000138435;ENSG00000122367;ENSG00000168542;ENSG00000151726;ENSG00000095637;ENSG00000035664;ENSG00000198467;ENSG00000143847;ENSG00000160808;ENSG00000006652;ENSG00000114854;ENSG00000068615;ENSG00000198947;ENSG00000135218;ENSG00000114812;ENSG00000072195;ENSG00000109063;ENSG00000120896;ENSG00000084764;ENSG00000156976;ENSG00000111907
prerank	Protein Secretion	0.3518316050835014	0.8708232375656898	0.7876106194690266	1.0	1.0	38/96	23.16%	DST;GOLGA4;ABCA1;EGFR;TOM1L1;KIF1B;MON2;ANP32E;BNIP3;ATP6V1B1;GBF1;COG2;IGF2R;TSPAN8;DNM1L;SGMS1;KRT18;USO1;RAB9A;PAM;DOP1A;CLCN3;SCAMP1;ZW10;LMAN1;AP1G1;COPB1;TPD52;STX16;SEC24D;STAM;AP3B1;STX12;YIPF6;GALC;CLTC;RPS6KA3;SNX2	ENSG00000151914;ENSG00000144674;ENSG00000165029;ENSG00000146648;ENSG00000141198;ENSG00000054523;ENSG00000061987;ENSG00000143401;ENSG00000176171;ENSG00000116039;ENSG00000107862;ENSG00000135775;ENSG00000197081;ENSG00000127324;ENSG00000087470;ENSG00000198964;ENSG00000111057;ENSG00000138768;ENSG00000123595;ENSG00000145730;ENSG00000083097;ENSG00000109572;ENSG00000085365;ENSG00000086827;ENSG00000074695;ENSG00000166747;ENSG00000129083;ENSG00000076554;ENSG00000124222;ENSG00000150961;ENSG00000136738;ENSG00000132842;ENSG00000117758;ENSG00000181704;ENSG00000054983;ENSG00000141367;ENSG00000177189;ENSG00000205302
prerank	Apoptosis	-0.3051510490917423	-0.8695056692496842	0.9473684210526315	0.9961163543675945	1.0	68/161	19.27%	F2;CDKN1A;GSN;FEZ1;IL18;HMOX1;BCL2L1;LUM;DCN;BCL2L11;CLU;TGFBR3;TXNIP;BIK;BMF;EREG;ANKH;IER3;LGALS3;GPX4;GADD45B;GPX1;GCH1;TIMP2;BAX;CDK2;HSPB1;PRF1;CASP4;MGMT;EGR3;BCL10;FDXR;PSEN2;SQSTM1;SC5D;RHOT2;PAK1;GADD45A;FAS;SOD1;TNFSF10;TSPO;CASP1;NEDD9;CD69;DFFA;ANXA1;PEA15;ENO2;DDIT3;CD44;F2R;IFITM3;FASLG;BCAP31;ATF3;APP;DAP;IRF1;EBP;CASP7;BTG3;SPTAN1;BTG2;CD38;DAP3;DNAJC3	ENSG00000180210;ENSG00000124762;ENSG00000148180;ENSG00000149557;ENSG00000150782;ENSG00000100292;ENSG00000171552;ENSG00000139329;ENSG00000011465;ENSG00000153094;ENSG00000120885;ENSG00000069702;ENSG00000265972;ENSG00000100290;ENSG00000104081;ENSG00000124882;ENSG00000154122;ENSG00000137331;ENSG00000131981;ENSG00000167468;ENSG00000099860;ENSG00000233276;ENSG00000131979;ENSG00000035862;ENSG00000087088;ENSG00000123374;ENSG00000106211;ENSG00000180644;ENSG00000196954;ENSG00000170430;ENSG00000179388;ENSG00000142867;ENSG00000161513;ENSG00000143801;ENSG00000161011;ENSG00000109929;ENSG00000140983;ENSG00000149269;ENSG00000116717;ENSG00000026103;ENSG00000142168;ENSG00000121858;ENSG00000100300;ENSG00000137752;ENSG00000111859;ENSG00000110848;ENSG00000160049;ENSG00000135046;ENSG00000162734;ENSG00000111674;ENSG00000175197;ENSG00000026508;ENSG00000181104;ENSG00000142089;ENSG00000117560;ENSG00000185825;ENSG00000162772;ENSG00000142192;ENSG00000112977;ENSG00000125347;ENSG00000147155;ENSG00000165806;ENSG00000154640;ENSG00000197694;ENSG00000159388;ENSG00000004468;ENSG00000132676;ENSG00000102580
prerank	Unfolded Protein Response	0.3440060168133564	0.8657194855508199	0.7906295754026355	0.9982050414921567	1.0	49/113	22.86%	STC2;EIF2AK3;CHAC1;PAIP1;BAG3;SLC7A5;XPOT;DDX10;EIF4A2;NOLC1;NABP1;DDIT4;ALDH18A1;NOP56;DKC1;MTHFD2;EXOSC5;EDEM1;EXOSC2;CNOT4;KIF5B;ASNS;TARS1;CNOT2;DCP1A;SDAD1;SKIC3;VEGFA;KHSRP;HSP90B1;NOP14;PSAT1;SLC30A5;CEBPB;NPM1;IARS1;HERPUD1;TATDN2;HSPA9;NFYB;EIF4A1;ERO1A;RPS14;MTREX;PREB;FUS;EXOC2;ATF6;EIF4G1	ENSG00000113739;ENSG00000172071;ENSG00000128965;ENSG00000172239;ENSG00000151929;ENSG00000103257;ENSG00000184575;ENSG00000178105;ENSG00000156976;ENSG00000166197;ENSG00000173559;ENSG00000168209;ENSG00000059573;ENSG00000101361;ENSG00000130826;ENSG00000065911;ENSG00000077348;ENSG00000134109;ENSG00000130713;ENSG00000080802;ENSG00000170759;ENSG00000070669;ENSG00000113407;ENSG00000111596;ENSG00000272886;ENSG00000198301;ENSG00000198677;ENSG00000112715;ENSG00000088247;ENSG00000166598;ENSG00000087269;ENSG00000135069;ENSG00000145740;ENSG00000172216;ENSG00000181163;ENSG00000196305;ENSG00000051108;ENSG00000157014;ENSG00000113013;ENSG00000120837;ENSG00000161960;ENSG00000197930;ENSG00000164587;ENSG00000039123;ENSG00000138073;ENSG00000089280;ENSG00000112685;ENSG00000118217;ENSG00000114867
prerank	WNT Beta Catenin Signaling	0.39377406053519126	0.859772456720176	0.7063492063492064	0.9786361719627417	1.0	14/42	14.59%	JAG2;AXIN2;PTCH1;DKK1;WNT6;WNT1;FZD8;NKD1;TCF7;CTNNB1;ADAM17;JAG1;MYC;HDAC2	ENSG00000184916;ENSG00000168646;ENSG00000185920;ENSG00000107984;ENSG00000115596;ENSG00000125084;ENSG00000177283;ENSG00000140807;ENSG00000081059;ENSG00000168036;ENSG00000151694;ENSG00000101384;ENSG00000136997;ENSG00000196591
prerank	Peroxisome	-0.3105585505799976	-0.8316980626306226	0.9252336448598131	1.0	1.0	46/104	21.10%	CEL;ESR2;ABCB4;PEX14;IDH2;EPHX2;ABCB9;HRAS;PEX11B;GSTK1;CRAT;DHRS3;SLC23A2;CLN8;SLC25A4;SULT2B1;YWHAH;NR1I2;BCL10;PEX2;FIS1;CRABP2;SLC25A17;SOD1;TSPO;ABCD2;EHHADH;HSD17B11;PEX6;MSH2;ACOX1;ACOT8;HSD3B7;DHCR24;ECI2;SLC25A19;PRDX1;CAT;SOD2;ABCC5;IDI1;ISOC1;ECH1;ACSL5;PEX13;HMGCL	ENSG00000170835;ENSG00000140009;ENSG00000005471;ENSG00000142655;ENSG00000182054;ENSG00000120915;ENSG00000150967;ENSG00000174775;ENSG00000131779;ENSG00000197448;ENSG00000095321;ENSG00000162496;ENSG00000089057;ENSG00000182372;ENSG00000151729;ENSG00000088002;ENSG00000128245;ENSG00000144852;ENSG00000142867;ENSG00000164751;ENSG00000214253;ENSG00000143320;ENSG00000100372;ENSG00000142168;ENSG00000100300;ENSG00000173208;ENSG00000113790;ENSG00000198189;ENSG00000124587;ENSG00000095002;ENSG00000161533;ENSG00000101473;ENSG00000099377;ENSG00000116133;ENSG00000198721;ENSG00000125454;ENSG00000117450;ENSG00000121691;ENSG00000291237;ENSG00000114770;ENSG00000067064;ENSG00000066583;ENSG00000104823;ENSG00000197142;ENSG00000162928;ENSG00000117305
prerank	Glycolysis	0.31108184633484864	0.8237054754817347	0.9332443257676902	1.0	1.0	65/200	20.05%	HS6ST2;STC2;DSC2;VLDLR;COL5A1;ME1;PYGL;CTH;SDC3;ELF3;TFF3;PKP2;SDC1;STC1;FBP2;EFNA3;NOL3;EGFR;PPFIA4;GPC3;HOMER1;HK2;ZNF292;SLC25A13;GPC4;DEPDC1;NT5E;XYLT2;PAXIP1;GPR87;TGFA;AK4;ME2;DDIT4;CAPN5;IL13RA1;COG2;FAM162A;GALK2;PHKA2;TGFBI;SLC35A3;P4HA1;ADORA2B;ECD;SPAG4;EGLN3;PGM2;LDHA;KIF2A;AGL;ISG20;KIF20A;CHST6;VEGFA;SLC25A10;PAM;RBCK1;SAP30;CHPF;B4GALT2;GALE;CYB5A;GCLC;RARS1	ENSG00000171004;ENSG00000113739;ENSG00000134755;ENSG00000147852;ENSG00000130635;ENSG00000065833;ENSG00000100504;ENSG00000116761;ENSG00000162512;ENSG00000163435;ENSG00000160180;ENSG00000057294;ENSG00000115884;ENSG00000159167;ENSG00000130957;ENSG00000143590;ENSG00000140939;ENSG00000146648;ENSG00000143847;ENSG00000147257;ENSG00000152413;ENSG00000159399;ENSG00000188994;ENSG00000004864;ENSG00000076716;ENSG00000024526;ENSG00000135318;ENSG00000015532;ENSG00000157212;ENSG00000138271;ENSG00000163235;ENSG00000162433;ENSG00000082212;ENSG00000168209;ENSG00000149260;ENSG00000131724;ENSG00000135775;ENSG00000114023;ENSG00000156958;ENSG00000044446;ENSG00000120708;ENSG00000117620;ENSG00000122884;ENSG00000170425;ENSG00000122882;ENSG00000061656;ENSG00000129521;ENSG00000169299;ENSG00000134333;ENSG00000068796;ENSG00000162688;ENSG00000172183;ENSG00000112984;ENSG00000183196;ENSG00000112715;ENSG00000183048;ENSG00000145730;ENSG00000125826;ENSG00000164105;ENSG00000123989;ENSG00000117411;ENSG00000117308;ENSG00000166347;ENSG00000001084;ENSG00000113643
prerank	UV Response UP	-0.28902492685357617	-0.817630478060644	0.9962962962962963	0.9570818407274732	1.0	47/158	15.58%	MSX1;TYRO3;CYB5R1;PDLIM3;KCNH2;RRAD;C4BPB;SULT1A1;HMOX1;NR4A1;AQP3;CHRNA5;LHX2;BCL2L11;HSPA2;CTSV;ATP6V1F;AP2S1;BAK1;KLHDC3;FEN1;SLC25A4;PRKACA;MAOA;CNP;STIP1;GCH1;CDK2;HTR7;PTPRD;CHKA;RXRB;CLTB;CCNE1;SQSTM1;MGAT1;DGAT1;TST;ICAM1;CYB5B;CCND3;CDKN1C;UROD;TMBIM6;SELENOW;STARD3;ENO2	ENSG00000163132;ENSG00000092445;ENSG00000159348;ENSG00000154553;ENSG00000055118;ENSG00000166592;ENSG00000123843;ENSG00000196502;ENSG00000100292;ENSG00000123358;ENSG00000165272;ENSG00000169684;ENSG00000106689;ENSG00000153094;ENSG00000126803;ENSG00000136943;ENSG00000128524;ENSG00000042753;ENSG00000030110;ENSG00000124702;ENSG00000168496;ENSG00000151729;ENSG00000072062;ENSG00000189221;ENSG00000173786;ENSG00000168439;ENSG00000131979;ENSG00000123374;ENSG00000148680;ENSG00000153707;ENSG00000110721;ENSG00000204231;ENSG00000175416;ENSG00000105173;ENSG00000161011;ENSG00000131446;ENSG00000185000;ENSG00000128311;ENSG00000090339;ENSG00000103018;ENSG00000112576;ENSG00000129757;ENSG00000126088;ENSG00000139644;ENSG00000178980;ENSG00000131748;ENSG00000111674
prerank	Allograft Rejection	0.30742630376734825	0.8162741005693592	0.9603698811096433	1.0	1.0	74/200	21.20%	CXCL13;CD40;IL10;C2;MMP9;CFP;TGFB2;CXCL9;IL9;FGR;CCR1;BCAT1;TLR6;INHBA;EGFR;IL6;INHBB;TRAT1;LYN;PTPRC;KLRD1;CCR5;EIF3A;IL18RAP;MRPL3;BCL3;LY75;IRF8;ACVR2A;HLA-DQA1;TIMP1;IL11;GZMB;MAP3K7;IRF7;HLA-E;CD79A;HLA-DMA;DYRK3;PRKCB;ETS1;GLMN;IFNGR2;ST8SIA4;HLA-DRA;IL27RA;CD47;HIF1A;FYB1;EIF3J;DEGS1;CD3G;PSMB10;LIF;DARS1;GBP2;EIF4G3;CD86;IFNGR1;IRF4;PTPN6;TAP2;NPM1;SOCS5;RARS1;IKBKB;NCK1;ABCE1;ABI1;IFNG;GZMA;TPD52;ELF4;CSK	ENSG00000156234;ENSG00000101017;ENSG00000136634;ENSG00000166278;ENSG00000100985;ENSG00000126759;ENSG00000092969;ENSG00000138755;ENSG00000145839;ENSG00000000938;ENSG00000163823;ENSG00000060982;ENSG00000174130;ENSG00000122641;ENSG00000146648;ENSG00000136244;ENSG00000163083;ENSG00000163519;ENSG00000254087;ENSG00000081237;ENSG00000134539;ENSG00000160791;ENSG00000107581;ENSG00000115607;ENSG00000114686;ENSG00000069399;ENSG00000054219;ENSG00000140968;ENSG00000121989;ENSG00000196735;ENSG00000102265;ENSG00000095752;ENSG00000100453;ENSG00000135341;ENSG00000185507;ENSG00000204592;ENSG00000105369;ENSG00000204257;ENSG00000143479;ENSG00000166501;ENSG00000134954;ENSG00000174842;ENSG00000159128;ENSG00000113532;ENSG00000204287;ENSG00000104998;ENSG00000196776;ENSG00000100644;ENSG00000082074;ENSG00000104131;ENSG00000143753;ENSG00000160654;ENSG00000205220;ENSG00000128342;ENSG00000115866;ENSG00000162645;ENSG00000075151;ENSG00000114013;ENSG00000027697;ENSG00000137265;ENSG00000111679;ENSG00000204267;ENSG00000181163;ENSG00000171150;ENSG00000113643;ENSG00000104365;ENSG00000158092;ENSG00000164163;ENSG00000136754;ENSG00000111537;ENSG00000145649;ENSG00000076554;ENSG00000102034;ENSG00000103653
prerank	Angiogenesis	0.38108897969359856	0.8074561093043111	0.7876254180602007	1.0	1.0	9/36	7.54%	PTK2;JAG2;FSTL1;STC1;THBD;VTN;COL3A1;KCNJ8;COL5A2	ENSG00000169398;ENSG00000184916;ENSG00000163430;ENSG00000159167;ENSG00000178726;ENSG00000109072;ENSG00000168542;ENSG00000121361;ENSG00000204262
prerank	IL2 STAT5 Signaling	0.29775146925556684	0.7873048229694678	0.9920634920634921	0.9933636604957801	1.0	64/199	20.01%	TNFRSF8;ETV4;IL10;SMPDL3A;APLP1;CXCL10;IL1RL1;SERPINC1;PTCH1;ENPP1;ETFBKMT;ECM1;ST3GAL4;S100A1;BATF3;ITIH5;TLR7;GPR83;HOPX;CAPN3;CST7;NCOA3;IKZF2;HK2;PDCD2L;IL1R2;TTC39B;RORA;NT5E;NFKBIZ;IRF8;ITGAV;ARL4A;IL18R1;CA2;IGF2R;POU2F1;MYC;IGF1R;MYO1C;HIPK2;P4HA1;BATF;SLC2A3;AHNAK;SELL;SWAP70;FURIN;DCPS;RABGAP1L;GALM;CKAP4;PRAF2;LIF;ABCB1;HUWE1;CD86;IFNGR1;ALCAM;IRF4;SNX14;IKZF4;UCK2;NDRG1	ENSG00000120949;ENSG00000175832;ENSG00000136634;ENSG00000172594;ENSG00000105290;ENSG00000169245;ENSG00000115602;ENSG00000117601;ENSG00000185920;ENSG00000197594;ENSG00000139160;ENSG00000143369;ENSG00000110080;ENSG00000160678;ENSG00000123685;ENSG00000123243;ENSG00000196664;ENSG00000123901;ENSG00000171476;ENSG00000092529;ENSG00000077984;ENSG00000124151;ENSG00000030419;ENSG00000159399;ENSG00000126249;ENSG00000115590;ENSG00000155158;ENSG00000069667;ENSG00000135318;ENSG00000144802;ENSG00000140968;ENSG00000138448;ENSG00000122644;ENSG00000115604;ENSG00000104267;ENSG00000197081;ENSG00000143190;ENSG00000136997;ENSG00000140443;ENSG00000197879;ENSG00000064393;ENSG00000122884;ENSG00000156127;ENSG00000059804;ENSG00000124942;ENSG00000188404;ENSG00000133789;ENSG00000140564;ENSG00000110063;ENSG00000152061;ENSG00000143891;ENSG00000136026;ENSG00000243279;ENSG00000128342;ENSG00000085563;ENSG00000086758;ENSG00000114013;ENSG00000027697;ENSG00000170017;ENSG00000137265;ENSG00000135317;ENSG00000123411;ENSG00000143179;ENSG00000104419
prerank	Notch Signaling	0.34369943843911266	0.7201858990995268	0.9291736930860034	0.9933491150941269	1.0	7/32	10.51%	CCND1;HES1;TCF7L2;HEYL;NOTCH3;FZD7;WNT5A	ENSG00000110092;ENSG00000114315;ENSG00000148737;ENSG00000163909;ENSG00000074181;ENSG00000155760;ENSG00000114251
